i,image_path,image_url,img_type,info_urls,location,style,title
,商务合成,http://pic.qjimage.com/tongro007/high/tg-ti219a9510.jpg,TongRo Image Stock,,,,"视野,成功,商务"
,商务合成,http://mpic.tiankong.com/25c/bba/25cbba893a3f7b125cdaecb2553b9901/640.jpg@!240h,TongRo Image Stock-RF,,,,
,商务合成,http://mpic.tiankong.com/325/8d8/3258d84bca48a57897f97764593b35c5/640.jpg@!240h,TongRo Image Stock,,,,"商务人士,站立,飞机"
,商务合成,http://mpic.tiankong.com/c14/5c7/c145c75b759cc0fe9d66168c21638618/640.jpg@!240h,TongRo Image Stock,,,,
,未来主义,http://pic.qjimage.com/QJ91077/high/QJ9107777887.jpg,Image Navi-hana,,,,图解
,热销排行,http://mpic.tiankong.com/1f9/1c8/1f91c8c8d37827dca20845b5f27e612a/640.jpg@!240h,TongRo Image Stock,,,,
,未来主义,http://mpic.tiankong.com/558/7ed/5587edb9cb63f12598845cccc8a9eff4/640.jpg@!240h,TongRo Image Stock,,,,
,未来主义,http://mpic.tiankong.com/42c/461/42c461003ebc3b851b739f1c6fd87054/640.jpg@!240h,TongRo Image Stock-RF,,,,
,精英,http://mpic.tiankong.com/2fc/d23/2fcd23cfb60c26a08b06310a0d8b51b2/640.jpg@!240h,masterfile,,,,"俯拍,西班牙裔,商务人士,交谈,办公室"
,中华美食,http://pic.qjimage.com/ph154/high/MY-RM-p99128.jpg,全景签约摄影师,,,,腊味三蒸
,Ins风,http://mpic.tiankong.com/243/428/243428f9c6f0ee0d72ab989996f1bc98/640.jpg@!240h,,,,,热带花卉
,Ins风,http://mpic.tiankong.com/5cb/44b/5cb44b8c9fe368d5c35687a0162f373b/640.jpg@!240h,,,,,火烈鸟
,热销排行,http://mpic.tiankong.com/1d4/9ec/1d49ec9cfb46a364d4af7d79a8eb681c/640.jpg@!240h,Image Navi-sozaijiten,,,,"海洋,日落"
,广场,http://pic.qjimage.com/ph160/high/ph6434-p00128.jpg,全景签约摄影师,,,,珠海大剧院城市风光
,Ins风,http://mpic.tiankong.com/711/0e1/7110e1effaab0fabe46e79e432dc5865/640.jpg@!240h,,,,,"无缝,图案,热带,抽象,背景,复古"
,挑战,http://pic.qjimage.com/QJ91073/high/QJ9107318027.jpg,tpgimages,,,,"土耳其,蓝色泻湖"
,目的地,http://pic.qjimage.com/QJ91073/high/QJ9107370164.jpg,tpgimages,,,,"古老,拱形,圆顶清真寺,清真寺,耶路撒冷,以色列"
,挑战,http://mpic.tiankong.com/4ab/0e4/4ab0e45e848997741fcc10c8431e57a7/640.jpg@!240h,Blend,,,,"鸟,飞翔,树,靠近,白人女性,远足"
,目的地,http://pic.qjimage.com/QJ91073/high/QJ9107358310.jpg,tpgimages,,,,"塔,契迪,寺院,库姆,伊朗,住宅区,清迈,北方,泰国"
,目的地,http://pic.qjimage.com/QJ91073/high/QJ9107357210.jpg,tpgimages,,,,"老,契迪,遗址,寺院,庙宇,泰国,大城府"
,挑战,http://mpic.tiankong.com/23f/751/23f751259972f7b9690698ed84a94b53/640.jpg@!240h,Blend,,,,"水,西班牙裔,男人,跳跃"
,目的地,http://pic.qjimage.com/QJ91073/high/QJ9107354188.jpg,tpgimages,,,,"新,清真寺,伊斯坦布尔,土耳其"
,目的地,http://mpic.tiankong.com/0f3/678/0f3678c9b657ea026e526d231b292f93/640.jpg@!240h,全景签约摄影师,,,,河南洛阳白马寺缅甸园建筑景观
,目的地,http://pic.qjimage.com/QJ91080/high/QJ9108032327.jpg,Imagebroker,,,,"千禧桥,圣保罗大教堂,夜晚,伦敦,英格兰,英国"
,目的地,http://mpic.tiankong.com/68f/954/68f9542784f1a80e9e50764d857782bd/640.jpg@!240h,Mint,,,,"外景,清真寺,刷白,建筑,蓝色,圆顶,反射,水塘"
,目的地,http://mpic.tiankong.com/400/0aa/4000aac00b23ffa5314b30d7b4b4f731/640.jpg@!240h,AFLO-RM,,,,"漂亮,风景,富士山"
,目的地,http://mpic.tiankong.com/49c/3c2/49c3c29e58d3ffd975e7c4b6bb476851/640.jpg@!240h,Mint,,,,"风景,海岸线,沙滩,石头,遮盖,绿藻,城市,远景"
,目的地,http://mpic.tiankong.com/f98/11e/f9811efb03ca3cdc258684f87a2cb813/640.jpg@!240h,Blend,,,,"塔,风景"
,目的地,http://pic.qjimage.com/QJ91073/high/QJ9107354097.jpg,tpgimages,,,,"风景,壮观,清真寺,内庭,伊斯坦布尔,土耳其"
,目的地,http://mpic.tiankong.com/9bb/b36/9bbb361edf9d3afedb6c45afc3ca8679/640.jpg@!240h,Mint,,,,"风景,街道,传统,房子,地中海,城市,建筑,教堂,远景"
,目的地,http://mpic.tiankong.com/bfc/2b9/bfc2b9a64c9baa48bee63d615b4ee6d5/640.jpg@!240h,Blend,,,,"全画幅,特写,风,宫殿,斋浦尔,拉贾斯坦邦,印度"
,目的地,http://mpic.tiankong.com/a64/dcc/a64dcc6e89af98d2a8528da5b8f2ec3c/640.jpg@!240h,Panther Media,,,,堡垒
,目的地,http://mpic.tiankong.com/383/2cb/3832cb1d97b39d7222dc1f3a98bf3652/640.jpg@!240h,TongRo Image Stock,,,,"户外,卢浮宫,巴黎,法国"
,目的地,http://mpic.tiankong.com/bbb/7f1/bbb7f1834ab1fc8b6153cfb57caa1d47/640.jpg@!240h,Mint,,,,"蓝色,白色,清真寺,黄昏,阿布扎比,阿联酋"
,目的地,http://mpic.tiankong.com/f16/dab/f16dab80152b97b963842fb77c7868e9/640.jpg@!240h,Danita Delimont,,,,"航拍,热气球,俯视,纳米布沙漠,靠近,塞斯瑞姆,纳米比亚,非洲"
,目的地,http://mpic.tiankong.com/0d5/0db/0d50db4072e6a9252d962e2e32dc61b1/640.jpg@!240h,全景签约摄影师,,,,圣家堂
,目的地,http://mpic.tiankong.com/173/079/173079774c159401690081a3c0b97d8e/640.jpg@!240h,Danita Delimont,,,,"航拍,热气球,卡帕多西亚,中安那托利亚,土耳其"
,目的地,http://mpic.tiankong.com/de7/fe1/de7fe13ae67d55640f6ea93adf597f33/640.jpg@!240h,Mint,,,,"城市,雷克雅未克,冰岛,冬天,海洋,远景"
,目的地,http://mpic.tiankong.com/73c/39d/73c39dbcea1ba22172512c9faf308968/640.jpg@!240h,masterfile,,,,"码头,伊勒-维莱讷省,布列塔尼半岛,法国"
,目的地,http://mpic.tiankong.com/206/0ff/2060ffd3f3e75da4778e6c450dc23262/640.jpg@!240h,RADIUS,,,,"教堂,喷发,背景,冰岛"
,目的地,http://mpic.tiankong.com/4dd/e6a/4dde6a97042015f93ed2a4ad845985e2/640.jpg@!240h,Danita Delimont,,,,"卢浮宫,宫殿,金字塔,特写,巴黎,法国"
,目的地,http://mpic.tiankong.com/256/6ed/2566ed692f9b3c14184f4adb3e5a4607/640.jpg@!240h,masterfile,,,,"瑞喜宫塔,缅甸"
,目的地,http://mpic.tiankong.com/fa4/4d3/fa44d37e6ab631099bfe23d030442dd6/640.jpg@!240h,Amana,,,,
,目的地,http://mpic.tiankong.com/3b4/940/3b49401eaf45a5ce58922052e093d8e7/640.jpg@!240h,Image Source,,,,"蒙特卡罗,伦巴第,意大利,欧洲"
,目的地,http://mpic.tiankong.com/87b/b92/87bb9278c730fab16c89d857b714ad7f/640.jpg@!240h,Cultura,,,,"阳光,马德里,西班牙"
,目的地,http://mpic.tiankong.com/91a/0b1/91a0b1fd58d85b79487e06574e447d83/640.jpg@!240h,Blend,,,,"埃菲尔铁塔,上方,巴黎,城市,法兰西岛,法国"
,目的地,http://mpic.tiankong.com/fa4/342/fa4342614e9e90740f0dd699a0d51e0f/640.jpg@!240h,全景签约摄影师,,,,水上清真寺
,目的地,http://mpic.tiankong.com/a95/533/a95533c01a973daec89117913a5604fd/640.jpg@!240h,Blend,,,,"纳佛那广场,四个,河,喷泉,光亮,夜晚,罗马,意大利"
,目的地,http://mpic.tiankong.com/93c/3e7/93c3e7a61f54fb177f6853fdfbc81d83/640.jpg@!240h,masterfile,,,,"华尔街,纽约,美国"
,目的地,http://mpic.tiankong.com/03b/db7/03bdb7fc482096b0bb1a5141b6abcbc2/640.jpg@!240h,,,,,"冰岛,教堂"
,目的地,http://mpic.tiankong.com/6f0/72a/6f072a0f4ebbe7633df6ec7f42c8ef93/640.jpg@!240h,Mint,,,,"热气球,上升,空中,上方,风景,仙人烟囱岩,石灰石,柱子,靠近,卡帕多西亚,日落,土耳其"
,目的地,http://mpic.tiankong.com/dfc/dc4/dfcdc4aa7347ec542ab42f5c92778d37/640.jpg@!240h,Image Source,,,,"布宜诺斯艾利斯,阿根廷"
,目的地,http://mpic.tiankong.com/b4f/73b/b4f73bc9e730d5262aae1e0a044e80a2/640.jpg@!240h,Image Source,,,,"自由女神像,纽约,美国"
,目的地,http://mpic.tiankong.com/884/f66/884f6601fc74aef969213f3c92b3456b/640.jpg@!240h,Image Source,,,,悉尼歌剧院
,目的地,http://pic.qjimage.com/ph117/high/558-p00146.jpg,全景签约摄影师,,,,拱门国家公园
,目的地,http://mpic.tiankong.com/f36/368/f36368a2aac587ecc5848a71734467ed/640.jpg@!240h,Blend,,,,"白人,情侣,照相,埃菲尔铁塔,巴黎,法国"
,目的地,http://mpic.tiankong.com/3ad/e90/3ade90b24003b739bce6a499f601a5c7/640.jpg@!240h,Image Source,,,,"巴塔利亚,寺院,葡萄牙"
,目的地,http://mpic.tiankong.com/f55/9d2/f559d248698cf5c564e0317dccb8b61d/640.jpg@!240h,Cultura,,,,"法罗群岛,丹麦"
,目的地,http://mpic.tiankong.com/b75/330/b75330826e76fab945f9fedfe5a5b3e6/640.jpg@!240h,masterfile,,,,"遗址,西瓦绿洲,西部沙漠,埃及"
,目的地,http://mpic.tiankong.com/9f1/a8a/9f1a8af4caac90e9c9f918cbdca2a2b7/640.jpg@!240h,全景,,,,澳门
,目的地,http://mpic.tiankong.com/5b8/bc8/5b8bc882e6864c9d4065dd8a6b56c513/640.jpg@!240h,Robert Harding,,,,"礼堂,圣地亚哥,特内里费岛,加纳利群岛,西班牙,欧洲"
,目的地,http://mpic.tiankong.com/9f4/e1a/9f4e1a8b9b44e568002aadce19bdcd2e/640.jpg@!240h,Cultura,,,,"海洋,拱,波托维内莱,五渔村,利古里亚,意大利"
,目的地,http://mpic.tiankong.com/940/a8b/940a8bc6dd6e4f26974918a5041782c0/640.jpg@!240h,Image Source,,,,"蓝色清真寺,夜晚,伊斯坦布尔,土耳其"
,目的地,http://mpic.tiankong.com/823/c9b/823c9b42ea71a4a7ff06e5b0a3d2d021/640.jpg@!240h,Blend,,,,"美洲印地安人,砖,建筑,雪松"
,目的地,http://mpic.tiankong.com/525/bf8/525bf8f1b26ec3931631e7471d82ffbd/640.jpg@!240h,Cultura,,,,"俯视图,风景,古希腊,圆形剧场,塞杰斯塔,西西里,意大利"
,目的地,http://mpic.tiankong.com/f2b/177/f2b17729edc635ba0f8a205005c69745/640.jpg@!240h,全景签约摄影师,,,,上海城市建筑风光
,目的地,http://mpic.tiankong.com/37d/4df/37d4dff0fa3a5faa3918d07625cfa5d4/640.jpg@!240h,,,,,"俄罗斯,教堂,彼得斯堡"
,目的地,http://mpic.tiankong.com/dc3/8ab/dc38aba50502472727c6e502f3332de8/640.jpg@!240h,Nature Picture Library,,,,"杰内,清真寺,泥,建筑,世界,世界遗产,尼日尔,三角洲,莫普提,区域,马里,2006年"
,目的地,http://mpic.tiankong.com/c64/581/c64581e30d6037f32db18cdb449c2eb1/640.jpg@!240h,PACIFIC,,,,
,目的地,http://mpic.tiankong.com/484/67f/48467f49416d7361489d19b8cadf641e/640.jpg@!240h,Cultura,,,,"码头,大运河,圣乔治奥,马焦雷湖,岛屿,背景,威尼斯,意大利"
,目的地,http://mpic.tiankong.com/1bb/f74/1bbf7435e3dd311c6589ec08930a7506/640.jpg@!240h,,,,,"比萨斜塔,意大利"
,目的地,http://mpic.tiankong.com/76c/36d/76c36dcae27ea4e94e20344fcc695eab/640.jpg@!240h,Cultura,,,,"俯拍,萨丁尼亚,意大利"
,目的地,http://mpic.tiankong.com/f1f/bdb/f1fbdb0b28db6c0474d9047eeea7531e/640.jpg@!240h,Image Source,,,,"仰视,大教堂,伦敦"
,目的地,http://mpic.tiankong.com/753/d9e/753d9e740976ad0146f78df82e5f6229/640.jpg@!240h,Ingram,,,,"埃菲尔铁塔,巴黎,法国"
,目的地,http://mpic.tiankong.com/02e/a3e/02ea3e4ce716b04e23edf35d3e8d4df9/640.jpg@!240h,全景签约摄影师,,,,美国迪士尼音乐厅
,目的地,http://mpic.tiankong.com/eb9/a2d/eb9a2d9168e2e84b0069fae272eb3286/640.jpg@!240h,Image Source,,,,"比萨斜塔,比萨,托斯卡纳,意大利"
,目的地,http://mpic.tiankong.com/4e4/9f7/4e49f7bb595a31736dc8d1c54edaaf0d/640.jpg@!240h,Robert Harding,,,,"热气球,悬吊,俯视,山,路克索神庙,山谷,日出,底比斯,世界遗产,埃及,北非,非洲"
,目的地,http://mpic.tiankong.com/1f9/e7a/1f9e7ae5e7d7610ac3ff782938befb61/640.jpg@!240h,Image Source,,,,"阿布扎比,阿联酋,亚洲"
,目的地,http://mpic.tiankong.com/f16/28a/f1628ad5886608071b0966a2070bbc3b/640.jpg@!240h,Blend,,,,"仰视,大教堂,圣母百花大教堂,光亮,夜晚,佛罗伦萨,托斯卡纳,意大利"
,目的地,http://mpic.tiankong.com/791/e68/791e6845dbe5edde086424c7c493b531/640.jpg@!240h,Panther Media,,,,"游客,照相,红场,莫斯科"
,目的地,http://mpic.tiankong.com/167/586/1675868a9df3aab138cfd13fb21c911c/640.jpg@!240h,F1 Online,,,,"吴哥,女王宫,建筑外观,建筑,柬埔寨,亚洲,切,形态,装饰线条,形状,工作,彩色照片,彩色"
,目的地,http://mpic.tiankong.com/64f/070/64f070cc58514823a58ac900db2a2a4b/640.jpg@!240h,Panther Media,,,,"红场,克里姆林宫,罗勒,大教堂,莫斯科,俄罗斯"
